customer_id,membership,joining_year
C100,Platinum,2024
C101,Gold,2020
C102,Silver,2020
C103,Gold,2021
C104,Platinum,2021
C105,Silver,2024
C106,Gold,2020
C107,Platinum,2025
C108,Platinum,2020
C109,Platinum,2022
C110,Platinum,2023
C111,Platinum,2025
C112,Platinum,2023
C113,Silver,2023
C114,Platinum,2024
C115,Platinum,2023
C116,Platinum,2023
C117,Gold,2022
C118,Silver,2021
C119,Silver,2024
C120,Gold,2020
C121,Platinum,2022
C122,Gold,2023
C123,Gold,2020
C124,Gold,2022
C125,Silver,2025
C126,Silver,2025
C127,Silver,2024
C128,Platinum,2023
C129,Platinum,2024
C130,Gold,2025
C131,Silver,2022
C132,Silver,2020
C133,Platinum,2021
C134,Platinum,2023
C135,Silver,2024
C136,Silver,2020
C137,Platinum,2020
C138,Platinum,2021
C139,Silver,2022
C140,Gold,2021
C141,Gold,2021
C142,Gold,2022
C143,Gold,2022
C144,Silver,2022
C145,Gold,2020
C146,Gold,2020
C147,Platinum,2023
C148,Gold,2025
C149,Platinum,2023
